DataFetched,Country,Data Date,Refugee returnees,Sudanese refugees/asylum seekers,Non-Sudanese refugees/asylum seekers,Total,Source
2023-06-19 11:56:41,Egypt,2023-06-07,,210000,5565,215565,Government
2023-06-19 11:56:41,Chad,2023-06-08,,115980,,115980,UNHCR & Government
2023-06-19 11:56:41,South Sudan,2023-06-15,109840,5902,3031,118773,"UNHCR, IOM & Government"
2023-06-19 11:56:41,CAR,2023-06-12,4701,10393,,15094,UNHCR & Government
2023-06-19 11:56:41,Ethiopia,2023-06-15,220,4067,7752,12039,UNHCR & Government
2023-06-19 12:02:06,Egypt,2023-06-07,,210000,5565,215565,Government
2023-06-19 12:02:06,Chad,2023-06-15,,116916,,116916,UNHCR & Government
2023-06-19 12:02:06,South Sudan,2023-06-18,112528,6461,3032,122021,"UNHCR, IOM & Government"
2023-06-19 12:02:06,CAR,2023-06-12,4701,10393,,15094,UNHCR & Government
2023-06-19 12:02:06,Ethiopia,2023-06-18,267,4780,8064,13111,UNHCR & Government
2023-06-19 12:06:40,Egypt,2023-06-07,,210000,5565,215565,Government
2023-06-19 12:06:40,Chad,2023-06-08,,115980,,115980,UNHCR & Government
2023-06-19 12:06:40,South Sudan,2023-06-15,109840,5902,3031,118773,"UNHCR, IOM & Government"
2023-06-19 12:06:40,CAR,2023-06-12,4701,10393,,15094,UNHCR & Government
2023-06-19 12:06:40,Ethiopia,2023-06-15,220,4067,7752,12039,UNHCR & Government
2023-06-19 22:10:30,Egypt,2023-06-07,,210000,5565,215565,Government
2023-06-19 22:10:30,Chad,2023-06-15,,116916,,116916,UNHCR & Government
2023-06-19 22:10:30,South Sudan,2023-06-18,112528,6461,3032,122021,"UNHCR, IOM & Government"
2023-06-19 22:10:30,CAR,2023-06-12,4701,10393,,15094,UNHCR & Government
2023-06-19 22:10:30,Ethiopia,2023-06-18,267,4780,8064,13111,UNHCR & Government
2023-06-20 22:10:06,Egypt,2023-06-19,,250000,5565,255565,Government
2023-06-20 22:10:06,Chad,2023-06-15,,116916,,116916,UNHCR & Government
2023-06-20 22:10:06,South Sudan,2023-06-18,112528,6461,3032,122021,"UNHCR, IOM & Government"
2023-06-20 22:10:06,CAR,2023-06-12,4701,10393,,15094,UNHCR & Government
2023-06-20 22:10:06,Ethiopia,2023-06-18,267,4780,8064,13111,UNHCR & Government
2023-06-21 22:09:53,Egypt,2023-06-19,,250000,5565,255565,Government
2023-06-21 22:09:53,Chad,2023-06-20,,120242,,120242,UNHCR & Government
2023-06-21 22:09:53,South Sudan,2023-06-20,117179,6559,3033,126771,"UNHCR, IOM & Government"
2023-06-21 22:09:53,CAR,2023-06-12,4701,10393,,15094,UNHCR & Government
2023-06-21 22:09:53,Ethiopia,2023-06-20,279,5303,8312,13894,UNHCR & Government
2023-06-22 22:12:04,Egypt,2023-06-19,,250000,5565,255565,Government
2023-06-22 22:12:04,Chad,2023-06-20,,120242,,120242,UNHCR & Government
2023-06-22 22:12:04,South Sudan,2023-06-21,119003,7189,3207,129399,"UNHCR, IOM & Government"
2023-06-22 22:12:04,CAR,2023-06-12,4701,10393,,15094,UNHCR & Government
2023-06-22 22:12:04,Ethiopia,2023-06-20,279,5303,8312,13894,UNHCR & Government
2023-06-23 22:12:00,Egypt,2023-06-19,,250000,5565,255565,Government
2023-06-23 22:12:00,Chad,2023-06-20,,120242,,120242,UNHCR & Government
2023-06-23 22:12:00,South Sudan,2023-06-22,120346,7343,3220,130909,"UNHCR, IOM & Government"
2023-06-23 22:12:00,CAR,2023-06-12,4701,10393,,15094,UNHCR & Government
2023-06-23 22:12:00,Ethiopia,2023-06-22,280,5786,8452,14518,UNHCR & Government
2023-06-24 22:11:18,Egypt,2023-06-19,,250000,5565,255565,Government
2023-06-24 22:11:18,Chad,2023-06-20,,120242,,120242,UNHCR & Government
2023-06-24 22:11:18,South Sudan,2023-06-22,120346,7343,3220,130909,"UNHCR, IOM & Government"
2023-06-24 22:11:18,CAR,2023-06-12,4701,10393,,15094,UNHCR & Government
2023-06-24 22:11:18,Ethiopia,2023-06-22,280,5786,8452,14518,UNHCR & Government
2023-06-25 22:11:16,Egypt,2023-06-19,,250000,5565,255565,Government
2023-06-25 22:11:16,Chad,2023-06-20,,120242,,120242,UNHCR & Government
2023-06-25 22:11:16,South Sudan,2023-06-22,120346,7343,3220,130909,"UNHCR, IOM & Government"
2023-06-25 22:11:16,CAR,2023-06-12,4701,10393,,15094,UNHCR & Government
2023-06-25 22:11:16,Ethiopia,2023-06-22,280,5786,8452,14518,UNHCR & Government
2023-06-26 22:12:01,Egypt,2023-06-19,,250000,5565,255565,Government
2023-06-26 22:12:01,Chad,2023-06-23,,142584,,142584,UNHCR & Government
2023-06-26 22:12:01,South Sudan,2023-06-25,123867,7961,3272,135100,"UNHCR, IOM & Government"
2023-06-26 22:12:01,CAR,2023-06-23,4701,10634,,15335,UNHCR & Government
2023-06-26 22:12:01,Ethiopia,2023-06-24,282,6225,8589,15096,UNHCR & Government
2023-06-27 22:11:19,Egypt,2023-06-19,,250000,5565,255565,Government
2023-06-27 22:11:19,Chad,2023-06-23,,142584,,142584,UNHCR & Government
2023-06-27 22:11:19,South Sudan,2023-06-25,123867,7961,3272,135100,"UNHCR, IOM & Government"
2023-06-27 22:11:19,CAR,2023-06-23,4701,10634,,15335,UNHCR & Government
2023-06-27 22:11:19,Ethiopia,2023-06-24,282,6225,8589,15096,UNHCR & Government
2023-06-28 22:11:37,Egypt,2023-06-19,,250000,5565,255565,Government
2023-06-28 22:11:37,Chad,2023-06-26,,150659,,150659,UNHCR & Government
2023-06-28 22:11:37,South Sudan,2023-06-27,125925,8158,3274,137357,"UNHCR, IOM & Government"
2023-06-28 22:11:37,CAR,2023-06-23,4701,10634,,15335,UNHCR & Government
2023-06-28 22:11:37,Ethiopia,2023-06-27,282,7000,8827,16109,UNHCR & Government
2023-06-29 22:11:08,Egypt,2023-06-19,,250000,5565,255565,Government
2023-06-29 22:11:08,Chad,2023-06-27,,159060,,159060,UNHCR & Government
2023-06-29 22:11:08,South Sudan,2023-06-27,125925,8158,3274,137357,"UNHCR, IOM & Government"
2023-06-29 22:11:08,CAR,2023-06-23,4701,10634,,15335,UNHCR & Government
2023-06-29 22:11:08,Ethiopia,2023-06-27,282,7000,8827,16109,UNHCR & Government
2023-06-30 22:10:52,Egypt,2023-06-19,,250000,5565,255565,Government
2023-06-30 22:10:52,Chad,2023-06-27,,159060,,159060,UNHCR & Government
2023-06-30 22:10:52,South Sudan,2023-06-29,128098,8540,3274,139912,"UNHCR, IOM & Government"
2023-06-30 22:10:52,CAR,2023-06-23,4701,10634,,15335,UNHCR & Government
2023-06-30 22:10:52,Ethiopia,2023-06-29,282,7231,8900,16413,UNHCR & Government
2023-07-01 22:10:27,Egypt,2023-06-19,,250000,5565,255565,Government
2023-07-01 22:10:27,Chad,2023-06-27,,159060,,159060,UNHCR & Government
2023-07-01 22:10:27,South Sudan,2023-06-29,128098,8540,3274,139912,"UNHCR, IOM & Government"
2023-07-01 22:10:27,CAR,2023-06-23,4701,10634,,15335,UNHCR & Government
2023-07-01 22:10:27,Ethiopia,2023-06-29,282,7231,8900,16413,UNHCR & Government
2023-07-02 22:10:39,Egypt,2023-06-19,,250000,5565,255565,Government
2023-07-02 22:10:39,Chad,2023-06-27,,159060,,159060,UNHCR & Government
2023-07-02 22:10:39,South Sudan,2023-06-29,128098,8540,3274,139912,"UNHCR, IOM & Government"
2023-07-02 22:10:39,CAR,2023-06-23,4701,10634,,15335,UNHCR & Government
2023-07-02 22:10:39,Ethiopia,2023-06-29,282,7231,8900,16413,UNHCR & Government
2023-07-03 22:11:58,Egypt,2023-06-19,,250000,5565,255565,Government
2023-07-03 22:11:58,Chad,2023-06-30,,179740,,179740,UNHCR & Government
2023-07-03 22:11:58,South Sudan,2023-07-02,134341,8957,3281,146579,"UNHCR, IOM & Government"
2023-07-03 22:11:58,CAR,2023-06-23,4701,10634,,15335,UNHCR & Government
2023-07-03 22:11:58,Ethiopia,2023-06-29,282,7231,8900,16413,UNHCR & Government
2023-07-04 22:12:10,Egypt,2023-06-19,,250000,5565,255565,Government
2023-07-04 22:12:10,Chad,2023-06-30,,179740,,179740,UNHCR & Government
2023-07-04 22:12:10,South Sudan,2023-07-02,134341,8957,3281,146579,"UNHCR, IOM & Government"
2023-07-04 22:12:10,CAR,2023-06-23,4701,10634,,15335,UNHCR & Government
2023-07-04 22:12:10,Ethiopia,2023-07-02,283,8352,8987,17622,UNHCR & Government
2023-07-05 22:12:25,Egypt,2023-06-19,,250000,5565,255565,Government
2023-07-05 22:12:25,Chad,2023-07-03,,192473,,192473,UNHCR & Government
2023-07-05 22:12:25,South Sudan,2023-07-04,136784,9164,3281,149229,"UNHCR, IOM & Government"
2023-07-05 22:12:25,CAR,2023-06-23,4701,10634,,15335,UNHCR & Government
2023-07-05 22:12:25,Ethiopia,2023-07-02,283,8352,8987,17622,UNHCR & Government
2023-07-06 22:11:31,Egypt,2023-06-19,,250000,5565,255565,Government
2023-07-06 22:11:31,Chad,2023-07-03,,192473,,192473,UNHCR & Government
2023-07-06 22:11:31,South Sudan,2023-07-04,136784,9164,3281,149229,"UNHCR, IOM & Government"
2023-07-06 22:11:31,CAR,2023-07-05,4701,12018,,16719,UNHCR & Government
2023-07-06 22:11:31,Ethiopia,2023-07-02,283,8352,8987,17622,UNHCR & Government
2023-07-07 22:11:23,Egypt,2023-06-19,,250000,5565,255565,Government
2023-07-07 22:11:23,Chad,2023-07-03,,192473,,192473,UNHCR & Government
2023-07-07 22:11:23,South Sudan,2023-07-06,140742,9782,3298,153822,"UNHCR, IOM & Government"
2023-07-07 22:11:23,CAR,2023-07-05,4701,12018,,16719,UNHCR & Government
2023-07-07 22:11:23,Ethiopia,2023-07-06,286,13513,9067,22866,UNHCR & Government
2023-07-08 22:10:44,Egypt,2023-06-19,,250000,5565,255565,Government
2023-07-08 22:10:44,Chad,2023-07-03,,192473,,192473,UNHCR & Government
2023-07-08 22:10:44,South Sudan,2023-07-06,140742,9782,3298,153822,"UNHCR, IOM & Government"
2023-07-08 22:10:44,CAR,2023-07-05,4701,12018,,16719,UNHCR & Government
2023-07-08 22:10:44,Ethiopia,2023-07-06,286,13513,9067,22866,UNHCR & Government
2023-07-09 22:11:07,Egypt,2023-06-19,,250000,5565,255565,Government
2023-07-09 22:11:07,Chad,2023-07-03,,192473,,192473,UNHCR & Government
2023-07-09 22:11:07,South Sudan,2023-07-06,140742,9782,3298,153822,"UNHCR, IOM & Government"
2023-07-09 22:11:07,CAR,2023-07-05,4701,12018,,16719,UNHCR & Government
2023-07-09 22:11:07,Ethiopia,2023-07-06,286,13513,9067,22866,UNHCR & Government
2023-07-10 22:11:18,Egypt,2023-06-19,,250000,5565,255565,Government
2023-07-10 22:11:18,Chad,2023-07-03,,192473,,192473,UNHCR & Government
2023-07-10 22:11:18,South Sudan,2023-07-09,146952,10344,3302,160598,"UNHCR, IOM & Government"
2023-07-10 22:11:18,CAR,2023-07-05,4701,12018,,16719,UNHCR & Government
2023-07-10 22:11:18,Ethiopia,2023-07-09,295,13812,9149,23256,UNHCR & Government
2023-07-11 22:11:26,Egypt,2023-06-19,,250000,5565,255565,Government
2023-07-11 22:11:26,Chad,2023-07-03,,192473,,192473,UNHCR & Government
2023-07-11 22:11:26,South Sudan,2023-07-09,146952,10344,3302,160598,"UNHCR, IOM & Government"
2023-07-11 22:11:26,CAR,2023-07-09,4701,12025,,16726,UNHCR & Government
2023-07-11 22:11:26,Ethiopia,2023-07-09,295,13812,9149,23256,UNHCR & Government
2023-07-12 22:11:21,Egypt,2023-06-19,,250000,5565,255565,Government
2023-07-12 22:11:21,Chad,2023-07-03,,192473,,192473,UNHCR & Government
2023-07-12 22:11:21,South Sudan,2023-07-11,149815,10731,3336,163882,"UNHCR, IOM & Government"
2023-07-12 22:11:21,CAR,2023-07-09,4701,12025,,16726,UNHCR & Government
2023-07-12 22:11:21,Ethiopia,2023-07-11,301,"15,041",9199,24541,UNHCR & Government
2023-07-13 22:11:26,Egypt,2023-06-19,,250000,5565,255565,Government
2023-07-13 22:11:26,Chad,2023-07-03,,192473,,192473,UNHCR & Government
2023-07-13 22:11:26,South Sudan,2023-07-11,149815,10731,3336,163882,"UNHCR, IOM & Government"
2023-07-13 22:11:26,CAR,2023-07-09,4701,12025,,16726,UNHCR & Government
2023-07-13 22:11:26,Ethiopia,2023-07-11,301,"15,041",9199,24541,UNHCR & Government
2023-07-14 22:10:57,Egypt,2023-06-19,,250000,5565,255565,Government
2023-07-14 22:10:57,Chad,2023-07-03,,192473,,192473,UNHCR & Government
2023-07-14 22:10:57,South Sudan,2023-07-13,154371,11183,3336,168890,"UNHCR, IOM & Government"
2023-07-14 22:10:57,CAR,2023-07-13,4701,12287,,16988,UNHCR & Government
2023-07-14 22:10:57,Ethiopia,2023-07-13,311,15638,9259,25208,UNHCR & Government
2023-07-15 22:10:38,Egypt,2023-06-19,,250000,5565,255565,Government
2023-07-15 22:10:38,Chad,2023-07-03,,192473,,192473,UNHCR & Government
2023-07-15 22:10:38,South Sudan,2023-07-13,154371,11183,3336,168890,"UNHCR, IOM & Government"
2023-07-15 22:10:38,CAR,2023-07-13,4701,12287,,16988,UNHCR & Government
2023-07-15 22:10:38,Ethiopia,2023-07-13,311,15638,9259,25208,UNHCR & Government
2023-07-16 22:10:36,Egypt,2023-06-19,,250000,5565,255565,Government
2023-07-16 22:10:36,Chad,2023-07-03,,192473,,192473,UNHCR & Government
2023-07-16 22:10:36,South Sudan,2023-07-13,154371,11183,3336,168890,"UNHCR, IOM & Government"
2023-07-16 22:10:36,CAR,2023-07-13,4701,12287,,16988,UNHCR & Government
2023-07-16 22:10:36,Ethiopia,2023-07-13,311,15638,9259,25208,UNHCR & Government
2023-07-17 22:10:38,Chad,2023-07-15,,260390,,260390,UNHCR & Government
2023-07-17 22:10:38,Egypt,2023-06-19,,250000,5565,255565,Government
2023-07-17 22:10:38,South Sudan,2023-07-16,159319,11685,3336,174340,"UNHCR, IOM & Government"
2023-07-17 22:10:38,Ethiopia,2023-07-16,322,15905,9313,25540,UNHCR & Government
2023-07-17 22:10:38,CAR,2023-07-13,4701,12287,,16988,UNHCR & Government
2023-07-18 22:10:01,Chad,2023-07-15,,260390,,260390,UNHCR & Government
2023-07-18 22:10:01,Egypt,2023-06-19,,250000,5565,255565,Government
2023-07-18 22:10:01,South Sudan,2023-07-16,159319,11685,3336,174340,"UNHCR, IOM & Government"
2023-07-18 22:10:01,Ethiopia,2023-07-16,322,15905,9313,25540,UNHCR & Government
2023-07-18 22:10:01,CAR,2023-07-13,4701,12287,,16988,UNHCR & Government
2023-07-19 22:09:54,Chad,2023-07-15,,260390,,260390,UNHCR & Government
2023-07-19 22:09:54,Egypt,2023-06-19,,250000,5565,255565,Government
2023-07-19 22:09:54,South Sudan,2023-07-18,163171,12046,3343,178560,"UNHCR, IOM & Government"
2023-07-19 22:09:54,Ethiopia,2023-07-18,324,17116,9361,26801,UNHCR & Government
2023-07-19 22:09:54,CAR,2023-07-18,4701,12526,,17227,UNHCR & Government
2023-07-20 22:10:05,Chad,2023-07-15,,260390,,260390,UNHCR & Government
2023-07-20 22:10:05,Egypt,2023-06-19,,250000,5565,255565,Government
2023-07-20 22:10:05,South Sudan,2023-07-18,163171,12046,3343,178560,"UNHCR, IOM & Government"
2023-07-20 22:10:05,Ethiopia,2023-07-18,324,17116,9361,26801,UNHCR & Government
2023-07-20 22:10:05,CAR,2023-07-18,4701,12526,,17227,UNHCR & Government
2023-07-21 22:09:55,Chad,2023-07-15,,260390,,260390,UNHCR & Government
2023-07-21 22:09:55,Egypt,2023-06-19,,250000,5565,255565,Government
2023-07-21 22:09:55,South Sudan,2023-07-20,166682,12272,3344,182298,"UNHCR, IOM & Government"
2023-07-21 22:09:55,Ethiopia,2023-07-20,330,17726,9416,27472,UNHCR & Government
2023-07-21 22:09:55,CAR,2023-07-18,4701,12526,,17227,UNHCR & Government
2023-07-22 22:09:30,Chad,2023-07-15,,260390,,260390,UNHCR & Government
2023-07-22 22:09:30,Egypt,2023-06-19,,250000,5565,255565,Government
2023-07-22 22:09:30,South Sudan,2023-07-20,166682,12272,3344,182298,"UNHCR, IOM & Government"
2023-07-22 22:09:30,Ethiopia,2023-07-20,330,17726,9416,27472,UNHCR & Government
2023-07-22 22:09:30,CAR,2023-07-18,4701,12526,,17227,UNHCR & Government
2023-07-23 22:09:24,Chad,2023-07-15,,260390,,260390,UNHCR & Government
2023-07-23 22:09:24,Egypt,2023-06-19,,250000,5565,255565,Government
2023-07-23 22:09:24,South Sudan,2023-07-20,166682,12272,3344,182298,"UNHCR, IOM & Government"
2023-07-23 22:09:24,Ethiopia,2023-07-20,330,17726,9416,27472,UNHCR & Government
2023-07-23 22:09:24,CAR,2023-07-18,4701,12526,,17227,UNHCR & Government
2023-07-24 22:10:08,Chad,2023-07-15,,260390,,260390,UNHCR & Government
2023-07-24 22:10:08,Egypt,2023-06-19,,250000,5565,255565,Government
2023-07-24 22:10:08,South Sudan,2023-07-23,172719,12649,3344,188712,"UNHCR, IOM & Government"
2023-07-24 22:10:08,Ethiopia,2023-07-23,330,18032,9469,27831,UNHCR & Government
2023-07-24 22:10:08,CAR,2023-07-18,4701,12526,,17227,UNHCR & Government
2023-07-25 22:09:34,Chad,2023-07-15,,260390,,260390,UNHCR & Government
2023-07-25 22:09:34,Egypt,2023-06-19,,250000,5565,255565,Government
2023-07-25 22:09:34,South Sudan,2023-07-23,172719,12649,3344,188712,"UNHCR, IOM & Government"
2023-07-25 22:09:34,Ethiopia,2023-07-23,330,18032,9469,27831,UNHCR & Government
2023-07-25 22:09:34,CAR,2023-07-18,4701,12526,,17227,UNHCR & Government
2023-07-26 22:09:47,Chad,2023-07-23,,329177,,329177,UNHCR & Government
2023-07-26 22:09:47,Egypt,2023-06-19,,250000,5565,255565,Government
2023-07-26 22:09:47,South Sudan,2023-07-25,174664,12786,3344,190794,"UNHCR, IOM & Government"
2023-07-26 22:09:47,Ethiopia,2023-07-25,335,20396,9508,30239,UNHCR & Government
2023-07-26 22:09:47,CAR,2023-07-18,4701,12526,,17227,UNHCR & Government
2023-07-27 22:09:34,Chad,2023-07-23,,329177,,329177,UNHCR & Government
2023-07-27 22:09:34,Egypt,2023-06-19,,250000,5565,255565,Government
2023-07-27 22:09:34,South Sudan,2023-07-25,174664,12786,3344,190794,"UNHCR, IOM & Government"
2023-07-27 22:09:34,Ethiopia,2023-07-25,335,20396,9508,30239,UNHCR & Government
2023-07-27 22:09:34,CAR,2023-07-18,4701,12526,,17227,UNHCR & Government
2023-07-28 22:09:28,Chad,2023-07-23,,329177,,329177,UNHCR & Government
2023-07-28 22:09:28,Egypt,2023-06-19,,250000,5565,255565,Government
2023-07-28 22:09:28,South Sudan,2023-07-27,177545,13006,3344,193895,"UNHCR, IOM & Government"
2023-07-28 22:09:28,Ethiopia,2023-07-27,336,20822,9553,30711,UNHCR & Government
2023-07-28 22:09:28,CAR,2023-07-18,4701,12526,,17227,UNHCR & Government
2023-07-29 22:09:01,Chad,2023-07-23,,329177,,329177,UNHCR & Government
2023-07-29 22:09:01,Egypt,2023-06-19,,250000,5565,255565,Government
2023-07-29 22:09:01,South Sudan,2023-07-27,177545,13006,3344,193895,"UNHCR, IOM & Government"
2023-07-29 22:09:01,Ethiopia,2023-07-27,336,20822,9553,30711,UNHCR & Government
2023-07-29 22:09:01,CAR,2023-07-18,4701,12526,,17227,UNHCR & Government
2023-07-30 22:09:15,Chad,2023-07-23,,329177,,329177,UNHCR & Government
2023-07-30 22:09:15,Egypt,2023-06-19,,250000,5565,255565,Government
2023-07-30 22:09:15,South Sudan,2023-07-27,177545,13006,3344,193895,"UNHCR, IOM & Government"
2023-07-30 22:09:15,Ethiopia,2023-07-27,336,20822,9553,30711,UNHCR & Government
2023-07-30 22:09:15,CAR,2023-07-18,4701,12526,,17227,UNHCR & Government
2023-07-31 22:10:01,Chad,2023-07-23,,329177,,329177,UNHCR & Government
2023-07-31 22:10:01,Egypt,2023-06-19,,250000,5565,255565,Government
2023-07-31 22:10:01,South Sudan,2023-07-30,182052,13320,3331,198703,"UNHCR, IOM & Government"
2023-07-31 22:10:01,Ethiopia,2023-07-29,343,21020,9621,30984,UNHCR & Government
2023-07-31 22:10:01,CAR,2023-07-30,4701,12601,,17302,UNHCR & Government
2023-08-01 22:09:32,Chad,2023-07-23,,329177,,329177,UNHCR & Government
2023-08-01 22:09:32,Egypt,2023-07-31,,272000,7230,279230,Government
2023-08-01 22:09:32,South Sudan,2023-07-30,182052,13320,3331,198703,"UNHCR, IOM & Government"
2023-08-01 22:09:32,Ethiopia,2023-07-29,343,21020,9621,30984,UNHCR & Government
2023-08-01 22:09:32,CAR,2023-07-30,4701,12601,,17302,UNHCR & Government
2023-08-02 22:09:38,Chad,2023-07-31,,348306,,348306,UNHCR & Government
2023-08-02 22:09:38,Egypt,2023-07-31,,272000,7230,279230,Government
2023-08-02 22:09:38,South Sudan,2023-08-01,183742,13497,3331,200570,"UNHCR, IOM & Government"
2023-08-02 22:09:38,Ethiopia,2023-08-01,382,21222,9657,31261,UNHCR & Government
2023-08-02 22:09:38,CAR,2023-07-30,4701,12601,,17302,UNHCR & Government
2023-08-03 22:09:38,Chad,2023-07-31,,348306,,348306,UNHCR & Government
2023-08-03 22:09:38,Egypt,2023-07-31,,272000,7230,279230,Government
2023-08-03 22:09:38,South Sudan,2023-08-01,183742,13497,3331,200570,"UNHCR, IOM & Government"
2023-08-03 22:09:38,Ethiopia,2023-08-01,382,21222,9657,31261,UNHCR & Government
2023-08-03 22:09:38,CAR,2023-07-30,4701,12601,,17302,UNHCR & Government
2023-08-04 22:09:27,Chad,2023-07-31,,348306,,348306,UNHCR & Government
2023-08-04 22:09:27,Egypt,2023-07-31,,272000,7230,279230,Government
2023-08-04 22:09:27,South Sudan,2023-08-01,183742,13497,3331,200570,"UNHCR, IOM & Government"
2023-08-04 22:09:27,Ethiopia,2023-08-01,382,21222,9657,31261,UNHCR & Government
2023-08-04 22:09:27,CAR,2023-07-30,4701,12601,,17302,UNHCR & Government
2023-08-05 22:09:12,Chad,2023-07-31,,348306,,348306,UNHCR & Government
2023-08-05 22:09:12,Egypt,2023-07-31,,272000,7230,279230,Government
2023-08-05 22:09:12,South Sudan,2023-08-03,186549,13715,3356,203620,"UNHCR, IOM & Government"
2023-08-05 22:09:12,Ethiopia,2023-08-03,382,21337,9689,31408,UNHCR & Government
2023-08-05 22:09:12,CAR,2023-07-30,4701,12601,,17302,UNHCR & Government
2023-08-06 22:09:06,Chad,2023-07-31,,348306,,348306,UNHCR & Government
2023-08-06 22:09:06,Egypt,2023-07-31,,272000,7230,279230,Government
2023-08-06 22:09:06,South Sudan,2023-08-03,186549,13715,3356,203620,"UNHCR, IOM & Government"
2023-08-06 22:09:06,Ethiopia,2023-08-03,382,21337,9689,31408,UNHCR & Government
2023-08-06 22:09:06,CAR,2023-07-30,4701,12601,,17302,UNHCR & Government
2023-08-07 22:09:33,Chad,2023-07-31,,348306,,348306,UNHCR & Government
2023-08-07 22:09:33,Egypt,2023-07-31,,272000,7230,279230,Government
2023-08-07 22:09:33,South Sudan,2023-08-06,189910,14248,3417,207575,"UNHCR, IOM & Government"
2023-08-07 22:09:33,Ethiopia,2023-08-06,391,21452,9697,31540,UNHCR & Government
2023-08-07 22:09:33,CAR,2023-08-07,4701,13045,,17746,UNHCR & Government
2023-08-08 22:10:12,Chad,2023-08-07,,358817,,358817,UNHCR & Government
2023-08-08 22:10:12,Egypt,2023-07-31,,272000,7230,279230,Government
2023-08-08 22:10:12,South Sudan,2023-08-06,189910,14248,3417,207575,"UNHCR, IOM & Government"
2023-08-08 22:10:12,Ethiopia,2023-08-06,391,21452,9697,31540,UNHCR & Government
2023-08-08 22:10:12,CAR,2023-08-07,4701,13045,,17746,UNHCR & Government
2023-08-09 22:09:53,Chad,2023-08-07,,358817,,358817,UNHCR & Government
2023-08-09 22:09:53,Egypt,2023-07-31,,272000,7230,279230,Government
2023-08-09 22:09:53,South Sudan,2023-08-08,193193,14528,3418,211139,"UNHCR, IOM & Government"
2023-08-09 22:09:53,Ethiopia,2023-08-08,391,21710,9697,31798,UNHCR & Government
2023-08-09 22:09:53,CAR,2023-08-07,4701,13045,,17746,UNHCR & Government
2023-08-10 22:09:24,Chad,2023-08-07,,358817,,358817,UNHCR & Government
2023-08-10 22:09:24,Egypt,2023-07-31,,272000,7230,279230,Government
2023-08-10 22:09:24,South Sudan,2023-08-08,193193,14528,3418,211139,"UNHCR, IOM & Government"
2023-08-10 22:09:24,Ethiopia,2023-08-08,391,21710,9697,31798,UNHCR & Government
2023-08-10 22:09:24,CAR,2023-08-09,4701,13080,,17781,UNHCR & Government
2023-08-11 22:09:37,Chad,2023-08-07,,358817,,358817,UNHCR & Government
2023-08-11 22:09:37,Egypt,2023-07-31,,272000,7230,279230,Government
2023-08-11 22:09:37,South Sudan,2023-08-10,195774,14811,3423,214008,"UNHCR, IOM & Government"
2023-08-11 22:09:37,Ethiopia,2023-08-10,391,21867,9697,31955,UNHCR & Government
2023-08-11 22:09:37,CAR,2023-08-09,4701,13080,,17781,UNHCR & Government
2023-08-12 22:08:48,Chad,2023-08-07,,358817,,358817,UNHCR & Government
2023-08-12 22:08:48,Egypt,2023-07-31,,272000,7230,279230,Government
2023-08-12 22:08:48,South Sudan,2023-08-10,195774,14811,3423,214008,"UNHCR, IOM & Government"
2023-08-12 22:08:48,Ethiopia,2023-08-10,391,21867,9697,31955,UNHCR & Government
2023-08-12 22:08:48,CAR,2023-08-09,4701,13080,,17781,UNHCR & Government
2023-08-13 22:08:59,Chad,2023-08-07,,358817,,358817,UNHCR & Government
2023-08-13 22:08:59,Egypt,2023-07-31,,272000,7230,279230,Government
2023-08-13 22:08:59,South Sudan,2023-08-10,195774,14811,3423,214008,"UNHCR, IOM & Government"
2023-08-13 22:08:59,Ethiopia,2023-08-10,391,21867,9697,31955,UNHCR & Government
2023-08-13 22:08:59,CAR,2023-08-09,4701,13080,,17781,UNHCR & Government
2023-08-14 22:09:33,Chad,2023-08-11,,366432,,366432,UNHCR & Government
2023-08-14 22:09:33,Egypt,2023-07-31,,272000,7230,279230,Government
2023-08-14 22:09:33,South Sudan,2023-08-13,200117,15255,3425,218797,"UNHCR, IOM & Government"
2023-08-14 22:09:33,Ethiopia,2023-08-10,391,21867,9697,31955,UNHCR & Government
2023-08-14 22:09:33,CAR,2023-08-09,4701,13080,,17781,UNHCR & Government
2023-08-15 22:09:33,Chad,2023-08-11,,366432,,366432,UNHCR & Government
2023-08-15 22:09:33,Egypt,2023-07-31,,272000,7230,279230,Government
2023-08-15 22:09:33,South Sudan,2023-08-13,200117,15255,3425,218797,"UNHCR, IOM & Government"
2023-08-15 22:09:33,Ethiopia,2023-08-10,391,21867,9697,31955,UNHCR & Government
2023-08-15 22:09:33,CAR,2023-08-09,4701,13080,,17781,UNHCR & Government
2023-08-16 22:09:50,Chad,2023-08-11,,366432,,366432,UNHCR & Government
2023-08-16 22:09:50,Egypt,2023-07-31,,272000,7230,279230,Government
2023-08-16 22:09:50,South Sudan,2023-08-15,203231,15570,3434,222235,"UNHCR, IOM & Government"
2023-08-16 22:09:50,Ethiopia,2023-08-15,391,22035,9697,32123,UNHCR & Government
2023-08-16 22:09:50,CAR,2023-08-09,4701,13080,,17781,UNHCR & Government
2023-08-17 22:09:34,Chad,2023-08-11,,366432,,366432,UNHCR & Government
2023-08-17 22:09:34,Egypt,2023-07-31,,272000,7230,279230,Government
2023-08-17 22:09:34,South Sudan,2023-08-15,203231,15570,3434,222235,"UNHCR, IOM & Government"
2023-08-17 22:09:34,Ethiopia,2023-08-15,391,22035,9697,32123,UNHCR & Government
2023-08-17 22:09:34,CAR,2023-08-09,4701,13080,,17781,UNHCR & Government
2023-08-18 22:09:16,Chad,2023-08-11,,366432,,366432,UNHCR & Government
2023-08-18 22:09:16,Egypt,2023-07-31,,272000,7230,279230,Government
2023-08-18 22:09:16,South Sudan,2023-08-17,206051,15807,3435,225293,"UNHCR, IOM & Government"
2023-08-18 22:09:16,Ethiopia,2023-08-17,391,23409,9803,33603,UNHCR & Government
2023-08-18 22:09:16,CAR,2023-08-09,4701,13080,,17781,UNHCR & Government
2023-08-19 22:08:54,Chad,2023-08-11,,366432,,366432,UNHCR & Government
2023-08-19 22:08:54,Egypt,2023-07-31,,272000,7230,279230,Government
2023-08-19 22:08:54,South Sudan,2023-08-17,206051,15807,3435,225293,"UNHCR, IOM & Government"
2023-08-19 22:08:54,Ethiopia,2023-08-17,391,23409,9803,33603,UNHCR & Government
2023-08-19 22:08:54,CAR,2023-08-09,4701,13080,,17781,UNHCR & Government
2023-08-20 22:09:09,Chad,2023-08-11,,366432,,366432,UNHCR & Government
2023-08-20 22:09:09,Egypt,2023-07-31,,272000,7230,279230,Government
2023-08-20 22:09:09,South Sudan,2023-08-17,206051,15807,3435,225293,"UNHCR, IOM & Government"
2023-08-20 22:09:09,Ethiopia,2023-08-17,391,23409,9803,33603,UNHCR & Government
2023-08-20 22:09:09,CAR,2023-08-09,4701,13080,,17781,UNHCR & Government
2023-08-21 22:09:35,Chad,2023-08-18,,378428,,378428,UNHCR & Government
2023-08-21 22:09:35,Egypt,2023-07-31,,272000,7230,279230,Government
2023-08-21 22:09:35,South Sudan,2023-08-20,210237,16006,3435,229678,"UNHCR, IOM & Government"
2023-08-21 22:09:35,Ethiopia,2023-08-20,391,23414,9834,33639,UNHCR & Government
2023-08-21 22:09:35,CAR,2023-08-19,4701,13254,,17955,UNHCR & Government
2023-08-22 22:09:40,Chad,2023-08-18,,378428,,378428,UNHCR & Government
2023-08-22 22:09:40,Egypt,2023-08-21,,280000,7230,287230,Government
2023-08-22 22:09:40,South Sudan,2023-08-20,210237,16006,3435,229678,"UNHCR, IOM & Government"
2023-08-22 22:09:40,Ethiopia,2023-08-20,391,23414,9834,33639,UNHCR & Government
2023-08-22 22:09:40,CAR,2023-08-19,4701,13254,,17955,UNHCR & Government
2023-08-23 22:09:39,Chad,2023-08-18,,378428,,378428,UNHCR & Government
2023-08-23 22:09:39,Egypt,2023-08-21,,280000,7230,287230,Government
2023-08-23 22:09:39,South Sudan,2023-08-20,210237,16006,3435,229678,"UNHCR, IOM & Government"
2023-08-23 22:09:39,Ethiopia,2023-08-20,391,23414,9834,33639,UNHCR & Government
2023-08-23 22:09:39,CAR,2023-08-19,4701,13254,,17955,UNHCR & Government
2023-08-24 22:09:33,Chad,2023-08-18,,378428,,378428,UNHCR & Government
2023-08-24 22:09:33,Egypt,2023-08-21,,280000,7230,287230,Government
2023-08-24 22:09:33,South Sudan,2023-08-22,213267,16288,3436,232991,"UNHCR, IOM & Government"
2023-08-24 22:09:33,Ethiopia,2023-08-22,391,23577,9840,33808,UNHCR & Government
2023-08-24 22:09:33,CAR,2023-08-22,4701,13300,,18001,UNHCR & Government
2023-08-25 22:10:02,Chad,2023-08-18,,378428,,378428,UNHCR & Government
2023-08-25 22:10:02,Egypt,2023-08-21,,280000,7230,287230,Government
2023-08-25 22:10:02,South Sudan,2023-08-24,216927,16640,3445,237012,"UNHCR, IOM & Government"
2023-08-25 22:10:02,Ethiopia,2023-08-24,391,24789,9855,35035,UNHCR & Government
2023-08-25 22:10:02,CAR,2023-08-22,4701,13300,,18001,UNHCR & Government
2023-08-26 22:09:06,Chad,2023-08-18,,378428,,378428,UNHCR & Government
2023-08-26 22:09:06,Egypt,2023-08-21,,280000,7230,287230,Government
2023-08-26 22:09:06,South Sudan,2023-08-24,216927,16640,3445,237012,"UNHCR, IOM & Government"
2023-08-26 22:09:06,Ethiopia,2023-08-24,391,24789,9855,35035,UNHCR & Government
2023-08-26 22:09:06,CAR,2023-08-22,4701,13300,,18001,UNHCR & Government
2023-08-27 22:09:05,Chad,2023-08-18,,378428,,378428,UNHCR & Government
2023-08-27 22:09:05,Egypt,2023-08-21,,280000,7230,287230,Government
2023-08-27 22:09:05,South Sudan,2023-08-24,216927,16640,3445,237012,"UNHCR, IOM & Government"
2023-08-27 22:09:05,Ethiopia,2023-08-24,391,24789,9855,35035,UNHCR & Government
2023-08-27 22:09:05,CAR,2023-08-22,4701,13300,,18001,UNHCR & Government
2023-08-28 22:09:43,Chad,2023-08-26,,382320,,382320,UNHCR & Government
2023-08-28 22:09:43,Egypt,2023-08-21,,280000,7230,287230,Government
2023-08-28 22:09:43,South Sudan,2023-08-27,219978,16822,3445,240245,"UNHCR, IOM & Government"
2023-08-28 22:09:43,Ethiopia,2023-08-27,391,24822,9893,35106,UNHCR & Government
2023-08-28 22:09:43,CAR,2023-08-27,4701,13310,,18011,UNHCR & Government
2023-08-29 22:11:45,Chad,2023-08-26,,382320,,382320,UNHCR & Government
2023-08-29 22:11:45,Egypt,2023-08-21,,280000,7230,287230,Government
2023-08-29 22:11:45,South Sudan,2023-08-27,219978,16822,3445,240245,"UNHCR, IOM & Government"
2023-08-29 22:11:45,Ethiopia,2023-08-27,391,24822,9893,35106,UNHCR & Government
2023-08-29 22:11:45,CAR,2023-08-27,4701,13310,,18011,UNHCR & Government
2023-08-30 22:09:39,Chad,2023-08-26,,382320,,382320,UNHCR & Government
2023-08-30 22:09:39,Egypt,2023-08-21,,280000,7230,287230,Government
2023-08-30 22:09:39,South Sudan,2023-08-27,219978,16822,3445,240245,"UNHCR, IOM & Government"
2023-08-30 22:09:39,Ethiopia,2023-08-27,391,24822,9893,35106,UNHCR & Government
2023-08-30 22:09:39,CAR,2023-08-27,4701,13310,,18011,UNHCR & Government
2023-08-31 22:09:38,Chad,2023-08-26,,382320,,382320,UNHCR & Government
2023-08-31 22:09:38,Egypt,2023-08-21,,280000,7230,287230,Government
2023-08-31 22:09:38,South Sudan,2023-08-29,222501,16962,3447,242910,"UNHCR, IOM & Government"
2023-08-31 22:09:38,Ethiopia,2023-08-29,391,24866,9902,35159,UNHCR & Government
2023-08-31 22:09:38,CAR,2023-08-27,4701,13310,,18011,UNHCR & Government
2023-09-01 22:09:50,Chad,2023-08-26,,382320,,382320,UNHCR & Government
2023-09-01 22:09:50,Egypt,2023-08-21,,280000,7230,287230,Government
2023-09-01 22:09:50,South Sudan,2023-08-31,224761,17161,3449,245371,"UNHCR, IOM & Government"
2023-09-01 22:09:50,Ethiopia,2023-08-31,392,24905,9921,35218,UNHCR & Government
2023-09-01 22:09:50,CAR,2023-08-27,4701,13310,,18011,UNHCR & Government
2023-09-02 22:09:07,Chad,2023-08-26,,382320,,382320,UNHCR & Government
2023-09-02 22:09:07,Egypt,2023-08-21,,280000,7230,287230,Government
2023-09-02 22:09:07,South Sudan,2023-08-31,224761,17161,3449,245371,"UNHCR, IOM & Government"
2023-09-02 22:09:07,Ethiopia,2023-08-31,392,24905,9921,35218,UNHCR & Government
2023-09-02 22:09:07,CAR,2023-08-27,4701,13310,,18011,UNHCR & Government
2023-09-03 22:09:12,Chad,2023-08-26,,382320,,382320,UNHCR & Government
2023-09-03 22:09:12,Egypt,2023-08-21,,280000,7230,287230,Government
2023-09-03 22:09:12,South Sudan,2023-08-31,224761,17161,3449,245371,"UNHCR, IOM & Government"
2023-09-03 22:09:12,Ethiopia,2023-08-31,392,24905,9921,35218,UNHCR & Government
2023-09-03 22:09:12,CAR,2023-08-27,4701,13310,,18011,UNHCR & Government
2023-09-04 22:09:33,Chad,2023-09-02,,403058,,403058,UNHCR & Government
2023-09-04 22:09:33,Egypt,2023-08-21,,280000,7230,287230,Government
2023-09-04 22:09:33,South Sudan,2023-09-01,227798,17332,3449,248579,"UNHCR, IOM & Government"
2023-09-04 22:09:33,Ethiopia,2023-09-01,392,24933,9921,35246,UNHCR & Government
2023-09-04 22:09:33,CAR,2023-08-27,4701,13310,,18011,UNHCR & Government
2023-09-05 22:09:54,Chad,2023-09-02,,403058,,403058,UNHCR & Government
2023-09-05 22:09:54,Egypt,2023-08-21,,280000,7230,287230,Government
2023-09-05 22:09:54,South Sudan,2023-09-01,227798,17332,3449,248579,"UNHCR, IOM & Government"
2023-09-05 22:09:54,Ethiopia,2023-09-01,392,24933,9921,35246,UNHCR & Government
2023-09-05 22:09:54,CAR,2023-08-27,4701,13310,,18011,UNHCR & Government
2023-09-06 22:09:50,Chad,2023-09-05,,412336,,412336,UNHCR & Government
2023-09-06 22:09:50,Egypt,2023-08-21,,280000,7230,287230,Government
2023-09-06 22:09:50,South Sudan,2023-09-05,229816,17478,3459,250753,"UNHCR, IOM & Government"
2023-09-06 22:09:50,Ethiopia,2023-09-05,392,25079,9926,35397,UNHCR & Government
2023-09-06 22:09:50,CAR,2023-09-05,4701,13844,,18545,UNHCR & Government
2023-09-07 22:10:09,Chad,2023-09-05,,412336,,412336,UNHCR & Government
2023-09-07 22:10:09,Egypt,2023-08-21,,280000,7230,287230,Government
2023-09-07 22:10:09,South Sudan,2023-09-05,229816,17478,3459,250753,"UNHCR, IOM & Government"
2023-09-07 22:10:09,Ethiopia,2023-09-05,392,25079,9926,35397,UNHCR & Government
2023-09-07 22:10:09,CAR,2023-09-05,4701,13844,,18545,UNHCR & Government
2023-09-08 22:09:39,Chad,2023-09-05,,412336,,412336,UNHCR & Government
2023-09-08 22:09:39,Egypt,2023-08-21,,280000,7230,287230,Government
2023-09-08 22:09:39,South Sudan,2023-09-07,232409,17611,3459,253479,"UNHCR, IOM & Government"
2023-09-08 22:09:39,Ethiopia,2023-09-07,392,25196,9938,35526,UNHCR & Government
2023-09-08 22:09:39,CAR,2023-09-05,4701,13844,,18545,UNHCR & Government
2023-09-09 22:09:02,Chad,2023-09-05,,412336,,412336,UNHCR & Government
2023-09-09 22:09:02,Egypt,2023-08-21,,280000,7230,287230,Government
2023-09-09 22:09:02,South Sudan,2023-09-07,232409,17611,3459,253479,"UNHCR, IOM & Government"
2023-09-09 22:09:02,Ethiopia,2023-09-07,392,25196,9938,35526,UNHCR & Government
2023-09-09 22:09:02,CAR,2023-09-05,4701,13844,,18545,UNHCR & Government
2023-09-10 22:09:25,Chad,2023-09-05,,412336,,412336,UNHCR & Government
2023-09-10 22:09:25,Egypt,2023-08-21,,280000,7230,287230,Government
2023-09-10 22:09:25,South Sudan,2023-09-07,232409,17611,3459,253479,"UNHCR, IOM & Government"
2023-09-10 22:09:25,Ethiopia,2023-09-07,392,25196,9938,35526,UNHCR & Government
2023-09-10 22:09:25,CAR,2023-09-05,4701,13844,,18545,UNHCR & Government
2023-09-11 22:09:59,Chad,2023-09-05,,412336,,412336,UNHCR & Government
2023-09-11 22:09:59,Egypt,2023-09-11,,310000,7230,317230,Government
2023-09-11 22:09:59,South Sudan,2023-09-10,236916,17900,3461,258277,"UNHCR, IOM & Government"
2023-09-11 22:09:59,Ethiopia,2023-09-10,392,25217,9958,35567,UNHCR & Government
2023-09-11 22:09:59,CAR,2023-09-05,4701,13844,,18545,UNHCR & Government
2023-09-12 22:09:39,Chad,2023-09-05,,412336,,412336,UNHCR & Government
2023-09-12 22:09:39,Egypt,2023-09-11,,310000,7230,317230,Government
2023-09-12 22:09:39,South Sudan,2023-09-10,236916,17900,3461,258277,"UNHCR, IOM & Government"
2023-09-12 22:09:39,Ethiopia,2023-09-10,392,25217,9958,35567,UNHCR & Government
2023-09-12 22:09:39,CAR,2023-09-05,4701,13844,,18545,UNHCR & Government
2023-09-13 22:09:53,Chad,2023-09-11,,418126,,418126,UNHCR & Government
2023-09-13 22:09:53,Egypt,2023-09-11,,310000,7230,317230,Government
2023-09-13 22:09:53,South Sudan,2023-09-12,239130,18062,3461,260653,"UNHCR, IOM & Government"
2023-09-13 22:09:53,Ethiopia,2023-09-12,392,25273,9958,35623,UNHCR & Government
2023-09-13 22:09:53,CAR,2023-09-05,4701,13844,,18545,UNHCR & Government
2023-09-14 22:10:10,Chad,2023-09-11,,418126,,418126,UNHCR & Government
2023-09-14 22:10:10,Egypt,2023-09-11,,310000,7230,317230,Government
2023-09-14 22:10:10,South Sudan,2023-09-12,239130,18062,3461,260653,"UNHCR, IOM & Government"
2023-09-14 22:10:10,Ethiopia,2023-09-12,392,25273,9958,35623,UNHCR & Government
2023-09-14 22:10:10,CAR,2023-09-05,4701,13844,,18545,UNHCR & Government
2023-09-15 22:09:52,Chad,2023-09-11,,418126,,418126,UNHCR & Government
2023-09-15 22:09:52,Egypt,2023-09-11,,310000,7230,317230,Government
2023-09-15 22:09:52,South Sudan,2023-09-14,241746,25529,1239,268514,"UNHCR, IOM & Government"
2023-09-15 22:09:52,Ethiopia,2023-09-14,392,25399,9961,35752,UNHCR & Government
2023-09-15 22:09:52,CAR,2023-09-05,4701,13844,,18545,UNHCR & Government
2023-09-16 22:09:05,Chad,2023-09-11,,418126,,418126,UNHCR & Government
2023-09-16 22:09:05,Egypt,2023-09-11,,310000,7230,317230,Government
2023-09-16 22:09:05,South Sudan,2023-09-14,241746,25529,1239,268514,"UNHCR, IOM & Government"
2023-09-16 22:09:05,Ethiopia,2023-09-14,392,25399,9961,35752,UNHCR & Government
2023-09-16 22:09:05,CAR,2023-09-05,4701,13844,,18545,UNHCR & Government
2023-09-17 22:09:10,Chad,2023-09-11,,418126,,418126,UNHCR & Government
2023-09-17 22:09:10,Egypt,2023-09-11,,310000,7230,317230,Government
2023-09-17 22:09:10,South Sudan,2023-09-14,241746,25529,1239,268514,"UNHCR, IOM & Government"
2023-09-17 22:09:10,Ethiopia,2023-09-14,392,25399,9961,35752,UNHCR & Government
2023-09-17 22:09:10,CAR,2023-09-05,4701,13844,,18545,UNHCR & Government
2023-09-18 22:10:20,Chad,2023-09-15,,418187,,418187,UNHCR & Government
2023-09-18 22:10:20,Egypt,2023-09-11,,310000,7230,317230,Government
2023-09-18 22:10:20,South Sudan,2023-09-17,249310,25738,1243,276291,"UNHCR, IOM & Government"
2023-09-18 22:10:20,Ethiopia,2023-09-17,395,25409,9966,35770,UNHCR & Government
2023-09-18 22:10:20,CAR,2023-09-05,4701,13844,,18545,UNHCR & Government
2023-09-19 22:10:01,Chad,2023-09-15,,418187,,418187,UNHCR & Government
2023-09-19 22:10:01,Egypt,2023-09-11,,310000,7230,317230,Government
2023-09-19 22:10:01,South Sudan,2023-09-17,249310,25738,1243,276291,"UNHCR, IOM & Government"
2023-09-19 22:10:01,Ethiopia,2023-09-17,395,25409,9966,35770,UNHCR & Government
2023-09-19 22:10:01,CAR,2023-09-05,4701,13844,,18545,UNHCR & Government
2023-09-20 22:09:59,Chad,2023-09-15,,418187,,418187,UNHCR & Government
2023-09-20 22:09:59,Egypt,2023-09-11,,310000,7230,317230,Government
2023-09-20 22:09:59,South Sudan,2023-09-19,252073,25742,1253,279068,"UNHCR, IOM & Government"
2023-09-20 22:09:59,Ethiopia,2023-09-19,395,25447,9967,35809,UNHCR & Government
2023-09-20 22:09:59,CAR,2023-09-05,4701,13844,,18545,UNHCR & Government
2023-09-21 22:10:02,Chad,2023-09-15,,418187,,418187,UNHCR & Government
2023-09-21 22:10:02,Egypt,2023-09-11,,310000,7230,317230,Government
2023-09-21 22:10:02,South Sudan,2023-09-19,252073,25742,1253,279068,"UNHCR, IOM & Government"
2023-09-21 22:10:02,Ethiopia,2023-09-19,395,25447,9967,35809,UNHCR & Government
2023-09-21 22:10:02,CAR,2023-09-05,4701,13844,,18545,UNHCR & Government
2023-09-22 22:09:51,Chad,2023-09-15,,418187,,418187,UNHCR & Government
2023-09-22 22:09:51,Egypt,2023-09-11,,310000,7230,317230,Government
2023-09-22 22:09:51,South Sudan,2023-09-21,254953,26175,1271,282399,"UNHCR, IOM & Government"
2023-09-22 22:09:51,Ethiopia,2023-09-21,406,25463,9975,35844,UNHCR & Government
2023-09-22 22:09:51,CAR,2023-09-05,4701,13844,,18545,UNHCR & Government
2023-09-23 22:09:26,Chad,2023-09-15,,418187,,418187,UNHCR & Government
2023-09-23 22:09:26,Egypt,2023-09-11,,310000,7230,317230,Government
2023-09-23 22:09:26,South Sudan,2023-09-21,254953,26175,1271,282399,"UNHCR, IOM & Government"
2023-09-23 22:09:26,Ethiopia,2023-09-21,406,25463,9975,35844,UNHCR & Government
2023-09-23 22:09:26,CAR,2023-09-05,4701,13844,,18545,UNHCR & Government
2023-09-24 22:09:09,Chad,2023-09-15,,418187,,418187,UNHCR & Government
2023-09-24 22:09:09,Egypt,2023-09-11,,310000,7230,317230,Government
2023-09-24 22:09:09,South Sudan,2023-09-21,254953,26175,1271,282399,"UNHCR, IOM & Government"
2023-09-24 22:09:09,Ethiopia,2023-09-21,406,25463,9975,35844,UNHCR & Government
2023-09-24 22:09:09,CAR,2023-09-05,4701,13844,,18545,UNHCR & Government
2023-09-25 22:10:05,Chad,2023-09-15,,418187,,418187,UNHCR & Government
2023-09-25 22:10:05,Egypt,2023-09-11,,310000,7230,317230,Government
2023-09-25 22:10:05,South Sudan,2023-09-24,258552,28622,1305,288479,"UNHCR, IOM & Government"
2023-09-25 22:10:05,Ethiopia,2023-09-21,406,25463,9975,35844,UNHCR & Government
2023-09-25 22:10:05,CAR,2023-09-05,4701,13844,,18545,UNHCR & Government
2023-09-26 22:10:11,Chad,2023-09-22,,420834,,420834,UNHCR & Government
2023-09-26 22:10:11,Egypt,2023-09-11,,310000,7230,317230,Government
2023-09-26 22:10:11,South Sudan,2023-09-24,258552,28622,1305,288479,"UNHCR, IOM & Government"
2023-09-26 22:10:11,Ethiopia,2023-09-25,1247,25480,10218,36945,UNHCR & Government
2023-09-26 22:10:11,CAR,2023-09-05,4701,13844,,18545,UNHCR & Government
2023-09-27 22:09:59,Chad,2023-09-22,,420834,,420834,UNHCR & Government
2023-09-27 22:09:59,Egypt,2023-09-11,,310000,7230,317230,Government
2023-09-27 22:09:59,South Sudan,2023-09-26,262246,28622,1305,292173,"UNHCR, IOM & Government"
2023-09-27 22:09:59,Ethiopia,2023-09-26,1247,25511,10970,37728,UNHCR & Government
2023-09-27 22:09:59,CAR,2023-09-05,4701,13844,,18545,UNHCR & Government
2023-09-28 22:10:03,Chad,2023-09-22,,420834,,420834,UNHCR & Government
2023-09-28 22:10:03,Egypt,2023-09-11,,310000,7230,317230,Government
2023-09-28 22:10:03,South Sudan,2023-09-26,262246,28622,1305,292173,"UNHCR, IOM & Government"
2023-09-28 22:10:03,Ethiopia,2023-09-26,1247,25511,10970,37728,UNHCR & Government
2023-09-28 22:10:03,CAR,2023-09-05,4701,13844,,18545,UNHCR & Government
2023-09-29 22:10:00,Chad,2023-09-22,,420834,,420834,UNHCR & Government
2023-09-29 22:10:00,Egypt,2023-09-11,,310000,7230,317230,Government
2023-09-29 22:10:00,South Sudan,2023-09-28,264006,29767,1325,295098,"UNHCR, IOM & Government"
2023-09-29 22:10:00,Ethiopia,2023-09-28,1247,25511,11179,37937,UNHCR & Government
2023-09-29 22:10:00,CAR,2023-09-05,4701,13844,,18545,UNHCR & Government
2023-09-30 22:08:54,Chad,2023-09-22,,420834,,420834,UNHCR & Government
2023-09-30 22:08:54,Egypt,2023-09-11,,310000,7230,317230,Government
2023-09-30 22:08:54,South Sudan,2023-09-28,264006,29767,1325,295098,"UNHCR, IOM & Government"
2023-09-30 22:08:54,Ethiopia,2023-09-28,1247,25511,11179,37937,UNHCR & Government
2023-09-30 22:08:54,CAR,2023-09-05,4701,13844,,18545,UNHCR & Government
2023-10-01 22:09:29,Chad,2023-09-22,,420834,,420834,UNHCR & Government
2023-10-01 22:09:29,Egypt,2023-09-11,,310000,7230,317230,Government
2023-10-01 22:09:29,South Sudan,2023-09-28,264006,29767,1325,295098,"UNHCR, IOM & Government"
2023-10-01 22:09:29,Ethiopia,2023-09-28,1247,25511,11179,37937,UNHCR & Government
2023-10-01 22:09:29,CAR,2023-09-05,4701,13844,,18545,UNHCR & Government
2023-10-02 22:10:06,Chad,2023-09-30,,423657,,423657,UNHCR & Government
2023-10-02 22:10:06,Egypt,2023-09-11,,310000,7230,317230,Government
2023-10-02 22:10:06,South Sudan,2023-09-30,266397,30250,1348,297995,"UNHCR, IOM & Government"
2023-10-02 22:10:06,Ethiopia,2023-09-30,1247,25581,11668,38496,UNHCR & Government
2023-10-02 22:10:06,CAR,2023-09-05,4701,13844,,18545,UNHCR & Government
2023-10-03 22:10:00,Chad,2023-09-30,,423657,,423657,UNHCR & Government
2023-10-03 22:10:00,Egypt,2023-09-11,,310000,7230,317230,Government
2023-10-03 22:10:00,South Sudan,2023-09-30,266397,30250,1348,297995,"UNHCR, IOM & Government"
2023-10-03 22:10:00,Ethiopia,2023-09-30,1247,25581,11668,38496,UNHCR & Government
2023-10-03 22:10:00,CAR,2023-09-05,4701,13844,,18545,UNHCR & Government
2023-10-04 22:11:04,Chad,2023-09-30,,423657,,423657,UNHCR & Government
2023-10-04 22:11:04,Egypt,2023-09-11,,310000,7230,317230,Government
2023-10-04 22:11:04,South Sudan,2023-10-03,268949,30250,1348,300547,"UNHCR, IOM & Government"
2023-10-04 22:11:04,Ethiopia,2023-09-30,1247,25581,11668,38496,UNHCR & Government
2023-10-04 22:11:04,CAR,2023-09-05,4701,13844,,18545,UNHCR & Government
2023-10-05 22:10:11,Chad,2023-09-30,,423657,,423657,UNHCR & Government
2023-10-05 22:10:11,Egypt,2023-09-11,,310000,7230,317230,Government
2023-10-05 22:10:11,South Sudan,2023-10-03,268949,30250,1348,300547,"UNHCR, IOM & Government"
2023-10-05 22:10:11,Ethiopia,2023-09-30,1247,25581,11668,38496,UNHCR & Government
2023-10-05 22:10:11,CAR,2023-09-05,4701,13844,,18545,UNHCR & Government
2023-10-06 22:09:40,Chad,2023-09-30,,423657,,423657,UNHCR & Government
2023-10-06 22:09:40,Egypt,2023-09-11,,310000,7230,317230,Government
2023-10-06 22:09:40,South Sudan,2023-10-05,271577,31606,1493,304676,"UNHCR, IOM & Government"
2023-10-06 22:09:40,Ethiopia,2023-10-03,1691,25603,9992,37286,UNHCR & Government
2023-10-06 22:09:40,CAR,2023-10-05,4701,15730,,20431,UNHCR & Government
2023-10-07 22:09:40,Chad,2023-09-30,,423657,,423657,UNHCR & Government
2023-10-07 22:09:40,Egypt,2023-09-11,,310000,7230,317230,Government
2023-10-07 22:09:40,South Sudan,2023-10-05,271577,31606,1493,304676,"UNHCR, IOM & Government"
2023-10-07 22:09:40,Ethiopia,2023-10-03,1691,25603,9992,37286,UNHCR & Government
2023-10-07 22:09:40,CAR,2023-10-05,4701,15730,,20431,UNHCR & Government
2023-10-08 22:09:29,Chad,2023-09-30,,423657,,423657,UNHCR & Government
2023-10-08 22:09:29,Egypt,2023-09-11,,310000,7230,317230,Government
2023-10-08 22:09:29,South Sudan,2023-10-05,271577,31606,1493,304676,"UNHCR, IOM & Government"
2023-10-08 22:09:29,Ethiopia,2023-10-03,1691,25603,9992,37286,UNHCR & Government
2023-10-08 22:09:29,CAR,2023-10-05,4701,15730,,20431,UNHCR & Government
2023-10-09 22:09:50,Chad,2023-09-30,,423657,,423657,UNHCR & Government
2023-10-09 22:09:50,Egypt,2023-09-11,,310000,7230,317230,Government
2023-10-09 22:09:50,South Sudan,2023-10-08,274085,31606,1493,307184,"UNHCR, IOM & Government"
2023-10-09 22:09:50,Ethiopia,2023-10-08,1694,25603,9992,37289,UNHCR & Government
2023-10-09 22:09:50,CAR,2023-10-05,4701,15730,,20431,UNHCR & Government
2023-10-10 22:10:10,Chad,2023-09-30,,423657,,423657,UNHCR & Government
2023-10-10 22:10:10,Egypt,2023-09-11,,310000,7230,317230,Government
2023-10-10 22:10:10,South Sudan,2023-10-08,274085,31606,1493,307184,"UNHCR, IOM & Government"
2023-10-10 22:10:10,Ethiopia,2023-10-08,1694,25603,9992,37289,UNHCR & Government
2023-10-10 22:10:10,CAR,2023-10-05,4701,15730,,20431,UNHCR & Government
2023-10-11 22:10:02,Chad,2023-09-30,,423657,,423657,UNHCR & Government
2023-10-11 22:10:02,Egypt,2023-09-11,,310000,7230,317230,Government
2023-10-11 22:10:02,South Sudan,2023-10-08,274085,31606,1493,307184,"UNHCR, IOM & Government"
2023-10-11 22:10:02,Ethiopia,2023-10-08,1694,25603,9992,37289,UNHCR & Government
2023-10-11 22:10:02,CAR,2023-10-05,4701,15730,,20431,UNHCR & Government
2023-10-12 22:10:24,Chad,2023-09-30,,423657,,423657,UNHCR & Government
2023-10-12 22:10:24,Egypt,2023-09-11,,310000,7230,317230,Government
2023-10-12 22:10:24,South Sudan,2023-10-08,274085,31606,1493,307184,"UNHCR, IOM & Government"
2023-10-12 22:10:24,Ethiopia,2023-10-08,1694,25603,9992,37289,UNHCR & Government
2023-10-12 22:10:24,CAR,2023-10-05,4701,15730,,20431,UNHCR & Government
2023-10-13 22:10:00,Chad,2023-09-30,,423657,,423657,UNHCR & Government
2023-10-13 22:10:00,Egypt,2023-09-11,,310000,7230,317230,Government
2023-10-13 22:10:00,South Sudan,2023-10-08,274085,31606,1493,307184,"UNHCR, IOM & Government"
2023-10-13 22:10:00,Ethiopia,2023-10-08,1694,25603,9992,37289,UNHCR & Government
2023-10-13 22:10:00,CAR,2023-10-05,4701,15730,,20431,UNHCR & Government
2023-10-14 22:09:12,Chad,2023-09-30,,423657,,423657,UNHCR & Government
2023-10-14 22:09:12,Egypt,2023-09-11,,310000,7230,317230,Government
2023-10-14 22:09:12,South Sudan,2023-10-08,274085,31606,1493,307184,"UNHCR, IOM & Government"
2023-10-14 22:09:12,Ethiopia,2023-10-08,1694,25603,9992,37289,UNHCR & Government
2023-10-14 22:09:12,CAR,2023-10-05,4701,15730,,20431,UNHCR & Government
2023-10-15 22:09:42,Chad,2023-09-30,,423657,,423657,UNHCR & Government
2023-10-15 22:09:42,Egypt,2023-09-11,,310000,7230,317230,Government
2023-10-15 22:09:42,South Sudan,2023-10-08,274085,31606,1493,307184,"UNHCR, IOM & Government"
2023-10-15 22:09:42,Ethiopia,2023-10-08,1694,25603,9992,37289,UNHCR & Government
2023-10-15 22:09:42,CAR,2023-10-05,4701,15730,,20431,UNHCR & Government
